2026-08-30T20:24:24,Payment problem My payment was deducted twice.,Technical issue
2026-08-30T20:40:21,Payment problem My payment was deducted twice.,Technical issue
2026-08-30T20:41:57,Network problem I'm facing a problem with my {product_purchased}. The {product_purchased} is not turning on. It was working fine until yesterday, but now it doesn't respond.,Technical issue
2026-08-30T20:42:02,Network problem I'm facing a problem with my {product_purchased}. The {product_purchased} is not turning on. It was working fine until yesterday, but now it doesn't respond.,Technical issue
2026-08-30T20:42:48,Battery life I'm having an issue with the {product_purchased}. Please assist. (Thanks) I will contact all my suppliers and confirm.,Billing inquiry
2026-08-30T20:48:14,Payment problem My payment was deducted twice.,Technical issue
2026-08-30T21:47:50,Payment problem My payment was deducted twice.,Technical issue
2026-08-30T21:48:29,Battery life I'm having an issue with the {product_purchased}. Please assist. (Thanks) I will contact all my suppliers and confirm.,Billing inquiry
2026-08-31T19:37:20,"Payment problem, still broken",Technical issue
2026-08-31T19:39:44,"Payment problem, still broken",Technical issue
2026-08-31T14:18:42,Payment problem My payment was deducted twice.,Technical issue
2026-08-31T14:18:53,Payment problem My payment was deducted twice.,Technical issue
